Date,Day,Country,Type,Counts
1/5/2015,289,Guinea,Cases,2776.0
1/4/2015,288,Guinea,Cases,2775.0
1/3/2015,287,Guinea,Cases,2769.0
1/2/2015,286,Guinea,Cases,
12/31/2014,284,Guinea,Cases,2730.0
12/28/2014,281,Guinea,Cases,2706.0
12/27/2014,280,Guinea,Cases,2695.0
12/24/2014,277,Guinea,Cases,2630.0
12/21/2014,273,Guinea,Cases,2597.0
12/20/2014,272,Guinea,Cases,2571.0
12/18/2014,271,Guinea,Cases,
12/14/2014,267,Guinea,Cases,2416.0
12/9/2014,262,Guinea,Cases,
12/7/2014,260,Guinea,Cases,2292.0
12/3/2014,256,Guinea,Cases,
11/30/2014,253,Guinea,Cases,2164.0
11/28/2014,251,Guinea,Cases,
11/23/2014,246,Guinea,Cases,2134.0
11/22/2014,245,Guinea,Cases,
11/18/2014,241,Guinea,Cases,2047.0
11/16/2014,239,Guinea,Cases,1971.0
11/15/2014,238,Guinea,Cases,
11/11/2014,234,Guinea,Cases,1919.0
11/10/2014,233,Guinea,Cases,
11/9/2014,232,Guinea,Cases,1878.0
11/8/2014,231,Guinea,Cases,
11/4/2014,227,Guinea,Cases,
11/3/2014,226,Guinea,Cases,1760.0
11/2/2014,225,Guinea,Cases,1731.0
10/31/2014,222,Guinea,Cases,
10/29/2014,220,Guinea,Cases,1667.0
10/27/2014,218,Guinea,Cases,1906.0
10/25/2014,216,Guinea,Cases,
10/22/2014,214,Guinea,Cases,
10/21/2014,213,Guinea,Cases,1553.0
10/19/2014,211,Guinea,Cases,1540.0
10/18/2014,210,Guinea,Cases,
10/14/2014,206,Guinea,Cases,1519.0
10/13/2014,205,Guinea,Cases,
10/12/2014,204,Guinea,Cases,1472.0
10/11/2014,203,Guinea,Cases,
10/8/2014,200,Guinea,Cases,
10/7/2014,199,Guinea,Cases,1350.0
10/5/2014,197,Guinea,Cases,1298.0
10/4/2014,196,Guinea,Cases,
10/1/2014,193,Guinea,Cases,1199.0
9/28/2014,190,Guinea,Cases,1157.0
9/23/2014,185,Guinea,Cases,1074.0
9/21/2014,183,Guinea,Cases,1022.0
9/20/2014,182,Guinea,Cases,
9/19/2014,181,Guinea,Cases,1008.0
9/17/2014,179,Guinea,Cases,
9/14/2014,176,Guinea,Cases,942.0
9/13/2014,175,Guinea,Cases,936.0
9/10/2014,172,Guinea,Cases,899.0
9/9/2014,171,Guinea,Cases,
9/7/2014,169,Guinea,Cases,861.0
9/5/2014,167,Guinea,Cases,812.0
8/31/2014,162,Guinea,Cases,771.0
8/26/2014,157,Guinea,Cases,648.0
8/20/2014,151,Guinea,Cases,607.0
8/18/2014,149,Guinea,Cases,579.0
8/16/2014,147,Guinea,Cases,543.0
8/13/2014,144,Guinea,Cases,519.0
8/11/2014,142,Guinea,Cases,510.0
8/9/2014,140,Guinea,Cases,506.0
8/6/2014,137,Guinea,Cases,495.0
8/4/2014,135,Guinea,Cases,495.0
8/1/2014,132,Guinea,Cases,485.0
7/30/2014,129,Guinea,Cases,472.0
7/27/2014,126,Guinea,Cases,460.0
7/23/2014,123,Guinea,Cases,427.0
7/20/2014,120,Guinea,Cases,415.0
7/17/2014,117,Guinea,Cases,410.0
7/14/2014,114,Guinea,Cases,411.0
7/12/2014,112,Guinea,Cases,406.0
7/8/2014,108,Guinea,Cases,409.0
7/6/2014,106,Guinea,Cases,408.0
7/2/2014,102,Guinea,Cases,412.0
6/30/2014,100,Guinea,Cases,413.0
6/22/2014,92,Guinea,Cases,
6/20/2014,90,Guinea,Cases,390.0
6/19/2014,89,Guinea,Cases,
6/18/2014,88,Guinea,Cases,390.0
6/17/2014,87,Guinea,Cases,
6/16/2014,86,Guinea,Cases,398.0
6/10/2014,80,Guinea,Cases,351.0
6/5/2014,75,Guinea,Cases,
6/3/2014,73,Guinea,Cases,344.0
6/1/2014,71,Guinea,Cases,328.0
5/28/2014,67,Guinea,Cases,291.0
5/27/2014,66,Guinea,Cases,281.0
5/23/2014,62,Guinea,Cases,258.0
5/12/2014,51,Guinea,Cases,248.0
5/10/2014,49,Guinea,Cases,233.0
5/7/2014,46,Guinea,Cases,236.0
5/5/2014,44,Guinea,Cases,235.0
5/3/2014,42,Guinea,Cases,231.0
5/1/2014,40,Guinea,Cases,226.0
4/26/2014,35,Guinea,Cases,224.0
4/24/2014,33,Guinea,Cases,
4/23/2014,32,Guinea,Cases,218.0
4/22/2014,31,Guinea,Cases,
4/21/2014,30,Guinea,Cases,
4/20/2014,29,Guinea,Cases,208.0
4/17/2014,26,Guinea,Cases,203.0
4/16/2014,25,Guinea,Cases,197.0
4/15/2014,24,Guinea,Cases,
4/14/2014,23,Guinea,Cases,168.0
4/11/2014,20,Guinea,Cases,159.0
4/9/2014,18,Guinea,Cases,158.0
4/7/2014,16,Guinea,Cases,151.0
4/4/2014,13,Guinea,Cases,143.0
4/1/2014,10,Guinea,Cases,127.0
3/31/2014,9,Guinea,Cases,122.0
3/29/2014,7,Guinea,Cases,112.0
3/28/2014,6,Guinea,Cases,112.0
3/27/2014,5,Guinea,Cases,103.0
3/26/2014,4,Guinea,Cases,86.0
3/25/2014,3,Guinea,Cases,86.0
3/24/2014,2,Guinea,Cases,86.0
3/22/2014,0,Guinea,Cases,49.0
1/5/2015,289,Liberia,Cases,
1/4/2015,288,Liberia,Cases,
1/3/2015,287,Liberia,Cases,8166.0
1/2/2015,286,Liberia,Cases,8157.0
12/31/2014,284,Liberia,Cases,8115.0
12/28/2014,281,Liberia,Cases,8018.0
12/27/2014,280,Liberia,Cases,
12/24/2014,277,Liberia,Cases,7977.0
12/21/2014,273,Liberia,Cases,
12/20/2014,272,Liberia,Cases,7862.0
12/18/2014,271,Liberia,Cases,7830.0
12/14/2014,267,Liberia,Cases,
12/9/2014,262,Liberia,Cases,7797.0
12/7/2014,260,Liberia,Cases,
12/3/2014,256,Liberia,Cases,7719.0
11/30/2014,253,Liberia,Cases,
11/28/2014,251,Liberia,Cases,7635.0
11/23/2014,246,Liberia,Cases,
11/22/2014,245,Liberia,Cases,7168.0
11/18/2014,241,Liberia,Cases,7082.0
11/16/2014,239,Liberia,Cases,
11/15/2014,238,Liberia,Cases,7069.0
11/11/2014,234,Liberia,Cases,
11/10/2014,233,Liberia,Cases,6878.0
11/9/2014,232,Liberia,Cases,
11/8/2014,231,Liberia,Cases,6822.0
11/4/2014,227,Liberia,Cases,6619.0
11/3/2014,226,Liberia,Cases,
11/2/2014,225,Liberia,Cases,
10/31/2014,222,Liberia,Cases,6525.0
10/29/2014,220,Liberia,Cases,
10/27/2014,218,Liberia,Cases,
10/25/2014,216,Liberia,Cases,6535.0
10/22/2014,214,Liberia,Cases,
10/21/2014,213,Liberia,Cases,
10/19/2014,211,Liberia,Cases,
10/18/2014,210,Liberia,Cases,4665.0
10/14/2014,206,Liberia,Cases,
10/13/2014,205,Liberia,Cases,4262.0
10/12/2014,204,Liberia,Cases,
10/11/2014,203,Liberia,Cases,4249.0
10/8/2014,200,Liberia,Cases,
10/7/2014,199,Liberia,Cases,4076.0
10/5/2014,197,Liberia,Cases,
10/4/2014,196,Liberia,Cases,3924.0
10/1/2014,193,Liberia,Cases,3834.0
9/28/2014,190,Liberia,Cases,3696.0
9/23/2014,185,Liberia,Cases,3458.0
9/21/2014,183,Liberia,Cases,3280.0
9/20/2014,182,Liberia,Cases,
9/19/2014,181,Liberia,Cases,
9/17/2014,179,Liberia,Cases,3022.0
9/14/2014,176,Liberia,Cases,2710.0
9/13/2014,175,Liberia,Cases,
9/10/2014,172,Liberia,Cases,
9/9/2014,171,Liberia,Cases,2407.0
9/7/2014,169,Liberia,Cases,2081.0
9/5/2014,167,Liberia,Cases,1871.0
8/31/2014,162,Liberia,Cases,1698.0
8/26/2014,157,Liberia,Cases,1378.0
8/20/2014,151,Liberia,Cases,1082.0
8/18/2014,149,Liberia,Cases,972.0
8/16/2014,147,Liberia,Cases,834.0
8/13/2014,144,Liberia,Cases,786.0
8/11/2014,142,Liberia,Cases,670.0
8/9/2014,140,Liberia,Cases,599.0
8/6/2014,137,Liberia,Cases,554.0
8/4/2014,135,Liberia,Cases,516.0
8/1/2014,132,Liberia,Cases,468.0
7/30/2014,129,Liberia,Cases,391.0
7/27/2014,126,Liberia,Cases,329.0
7/23/2014,123,Liberia,Cases,249.0
7/20/2014,120,Liberia,Cases,224.0
7/17/2014,117,Liberia,Cases,196.0
7/14/2014,114,Liberia,Cases,174.0
7/12/2014,112,Liberia,Cases,172.0
7/8/2014,108,Liberia,Cases,142.0
7/6/2014,106,Liberia,Cases,131.0
7/2/2014,102,Liberia,Cases,115.0
6/30/2014,100,Liberia,Cases,107.0
6/22/2014,92,Liberia,Cases,51.0
6/20/2014,90,Liberia,Cases,
6/19/2014,89,Liberia,Cases,41.0
6/18/2014,88,Liberia,Cases,
6/17/2014,87,Liberia,Cases,
6/16/2014,86,Liberia,Cases,33.0
6/10/2014,80,Liberia,Cases,13.0
6/5/2014,75,Liberia,Cases,13.0
6/3/2014,73,Liberia,Cases,13.0
6/1/2014,71,Liberia,Cases,13.0
5/28/2014,67,Liberia,Cases,13.0
5/27/2014,66,Liberia,Cases,12.0
5/23/2014,62,Liberia,Cases,12.0
5/12/2014,51,Liberia,Cases,12.0
5/10/2014,49,Liberia,Cases,12.0
5/7/2014,46,Liberia,Cases,13.0
5/5/2014,44,Liberia,Cases,13.0
5/3/2014,42,Liberia,Cases,13.0
5/1/2014,40,Liberia,Cases,13.0
4/26/2014,35,Liberia,Cases,
4/24/2014,33,Liberia,Cases,35.0
4/23/2014,32,Liberia,Cases,
4/22/2014,31,Liberia,Cases,
4/21/2014,30,Liberia,Cases,34.0
4/20/2014,29,Liberia,Cases,
4/17/2014,26,Liberia,Cases,27.0
4/16/2014,25,Liberia,Cases,27.0
4/15/2014,24,Liberia,Cases,
4/14/2014,23,Liberia,Cases,
4/11/2014,20,Liberia,Cases,26.0
4/9/2014,18,Liberia,Cases,25.0
4/7/2014,16,Liberia,Cases,21.0
4/4/2014,13,Liberia,Cases,18.0
4/1/2014,10,Liberia,Cases,8.0
3/31/2014,9,Liberia,Cases,8.0
3/29/2014,7,Liberia,Cases,7.0
3/28/2014,6,Liberia,Cases,3.0
3/27/2014,5,Liberia,Cases,8.0
3/26/2014,4,Liberia,Cases,
3/25/2014,3,Liberia,Cases,
3/24/2014,2,Liberia,Cases,
3/22/2014,0,Liberia,Cases,
1/5/2015,289,SierraLeone,Cases,10030.0
1/4/2015,288,SierraLeone,Cases,9780.0
1/3/2015,287,SierraLeone,Cases,9722.0
1/2/2015,286,SierraLeone,Cases,
12/31/2014,284,SierraLeone,Cases,9633.0
12/28/2014,281,SierraLeone,Cases,9446.0
12/27/2014,280,SierraLeone,Cases,9409.0
12/24/2014,277,SierraLeone,Cases,9203.0
12/21/2014,273,SierraLeone,Cases,9004.0
12/20/2014,272,SierraLeone,Cases,8939.0
12/18/2014,271,SierraLeone,Cases,
12/14/2014,267,SierraLeone,Cases,8356.0
12/9/2014,262,SierraLeone,Cases,
12/7/2014,260,SierraLeone,Cases,7897.0
12/3/2014,256,SierraLeone,Cases,
11/30/2014,253,SierraLeone,Cases,7312.0
11/28/2014,251,SierraLeone,Cases,
11/23/2014,246,SierraLeone,Cases,6599.0
11/22/2014,245,SierraLeone,Cases,
11/18/2014,241,SierraLeone,Cases,6190.0
11/16/2014,239,SierraLeone,Cases,6073.0
11/15/2014,238,SierraLeone,Cases,
11/11/2014,234,SierraLeone,Cases,5586.0
11/10/2014,233,SierraLeone,Cases,
11/9/2014,232,SierraLeone,Cases,5368.0
11/8/2014,231,SierraLeone,Cases,
11/4/2014,227,SierraLeone,Cases,4862.0
11/3/2014,226,SierraLeone,Cases,
11/2/2014,225,SierraLeone,Cases,4759.0
10/31/2014,222,SierraLeone,Cases,
10/29/2014,220,SierraLeone,Cases,5338.0
10/27/2014,218,SierraLeone,Cases,5235.0
10/25/2014,216,SierraLeone,Cases,
10/22/2014,214,SierraLeone,Cases,3896.0
10/21/2014,213,SierraLeone,Cases,
10/19/2014,211,SierraLeone,Cases,3706.0
10/18/2014,210,SierraLeone,Cases,
10/14/2014,206,SierraLeone,Cases,3410.0
10/13/2014,205,SierraLeone,Cases,
10/12/2014,204,SierraLeone,Cases,3252.0
10/11/2014,203,SierraLeone,Cases,
10/8/2014,200,SierraLeone,Cases,2950.0
10/7/2014,199,SierraLeone,Cases,
10/5/2014,197,SierraLeone,Cases,2789.0
10/4/2014,196,SierraLeone,Cases,
10/1/2014,193,SierraLeone,Cases,2437.0
9/28/2014,190,SierraLeone,Cases,2304.0
9/23/2014,185,SierraLeone,Cases,2021.0
9/21/2014,183,SierraLeone,Cases,1940.0
9/20/2014,182,SierraLeone,Cases,1813.0
9/19/2014,181,SierraLeone,Cases,
9/17/2014,179,SierraLeone,Cases,
9/14/2014,176,SierraLeone,Cases,1673.0
9/13/2014,175,SierraLeone,Cases,1620.0
9/10/2014,172,SierraLeone,Cases,1478.0
9/9/2014,171,SierraLeone,Cases,
9/7/2014,169,SierraLeone,Cases,1424.0
9/5/2014,167,SierraLeone,Cases,1261.0
8/31/2014,162,SierraLeone,Cases,1216.0
8/26/2014,157,SierraLeone,Cases,1026.0
8/20/2014,151,SierraLeone,Cases,910.0
8/18/2014,149,SierraLeone,Cases,907.0
8/16/2014,147,SierraLeone,Cases,848.0
8/13/2014,144,SierraLeone,Cases,810.0
8/11/2014,142,SierraLeone,Cases,783.0
8/9/2014,140,SierraLeone,Cases,730.0
8/6/2014,137,SierraLeone,Cases,717.0
8/4/2014,135,SierraLeone,Cases,691.0
8/1/2014,132,SierraLeone,Cases,646.0
7/30/2014,129,SierraLeone,Cases,574.0
7/27/2014,126,SierraLeone,Cases,533.0
7/23/2014,123,SierraLeone,Cases,525.0
7/20/2014,120,SierraLeone,Cases,454.0
7/17/2014,117,SierraLeone,Cases,442.0
7/14/2014,114,SierraLeone,Cases,397.0
7/12/2014,112,SierraLeone,Cases,386.0
7/8/2014,108,SierraLeone,Cases,337.0
7/6/2014,106,SierraLeone,Cases,305.0
7/2/2014,102,SierraLeone,Cases,252.0
6/30/2014,100,SierraLeone,Cases,239.0
6/22/2014,92,SierraLeone,Cases,
6/20/2014,90,SierraLeone,Cases,158.0
6/19/2014,89,SierraLeone,Cases,
6/18/2014,88,SierraLeone,Cases,136.0
6/17/2014,87,SierraLeone,Cases,97.0
6/16/2014,86,SierraLeone,Cases,
6/10/2014,80,SierraLeone,Cases,89.0
6/5/2014,75,SierraLeone,Cases,81.0
6/3/2014,73,SierraLeone,Cases,
6/1/2014,71,SierraLeone,Cases,79.0
5/28/2014,67,SierraLeone,Cases,50.0
5/27/2014,66,SierraLeone,Cases,16.0
5/23/2014,62,SierraLeone,Cases,0.0
5/12/2014,51,SierraLeone,Cases,0.0
5/10/2014,49,SierraLeone,Cases,0.0
5/7/2014,46,SierraLeone,Cases,0.0
5/5/2014,44,SierraLeone,Cases,0.0
5/3/2014,42,SierraLeone,Cases,0.0
5/1/2014,40,SierraLeone,Cases,0.0
4/26/2014,35,SierraLeone,Cases,0.0
4/24/2014,33,SierraLeone,Cases,0.0
4/23/2014,32,SierraLeone,Cases,0.0
4/22/2014,31,SierraLeone,Cases,0.0
4/21/2014,30,SierraLeone,Cases,
4/20/2014,29,SierraLeone,Cases,
4/17/2014,26,SierraLeone,Cases,
4/16/2014,25,SierraLeone,Cases,
4/15/2014,24,SierraLeone,Cases,12.0
4/14/2014,23,SierraLeone,Cases,
4/11/2014,20,SierraLeone,Cases,2.0
4/9/2014,18,SierraLeone,Cases,2.0
4/7/2014,16,SierraLeone,Cases,2.0
4/4/2014,13,SierraLeone,Cases,2.0
4/1/2014,10,SierraLeone,Cases,2.0
3/31/2014,9,SierraLeone,Cases,2.0
3/29/2014,7,SierraLeone,Cases,
3/28/2014,6,SierraLeone,Cases,2.0
3/27/2014,5,SierraLeone,Cases,6.0
3/26/2014,4,SierraLeone,Cases,
3/25/2014,3,SierraLeone,Cases,
3/24/2014,2,SierraLeone,Cases,
3/22/2014,0,SierraLeone,Cases,
1/5/2015,289,Nigeria,Cases,
1/4/2015,288,Nigeria,Cases,
1/3/2015,287,Nigeria,Cases,
1/2/2015,286,Nigeria,Cases,
12/31/2014,284,Nigeria,Cases,
12/28/2014,281,Nigeria,Cases,
12/27/2014,280,Nigeria,Cases,
12/24/2014,277,Nigeria,Cases,
12/21/2014,273,Nigeria,Cases,
12/20/2014,272,Nigeria,Cases,
12/18/2014,271,Nigeria,Cases,
12/14/2014,267,Nigeria,Cases,
12/9/2014,262,Nigeria,Cases,
12/7/2014,260,Nigeria,Cases,20.0
12/3/2014,256,Nigeria,Cases,
11/30/2014,253,Nigeria,Cases,20.0
11/28/2014,251,Nigeria,Cases,
11/23/2014,246,Nigeria,Cases,20.0
11/22/2014,245,Nigeria,Cases,
11/18/2014,241,Nigeria,Cases,20.0
11/16/2014,239,Nigeria,Cases,20.0
11/15/2014,238,Nigeria,Cases,
11/11/2014,234,Nigeria,Cases,20.0
11/10/2014,233,Nigeria,Cases,
11/9/2014,232,Nigeria,Cases,20.0
11/8/2014,231,Nigeria,Cases,
11/4/2014,227,Nigeria,Cases,20.0
11/3/2014,226,Nigeria,Cases,
11/2/2014,225,Nigeria,Cases,20.0
10/31/2014,222,Nigeria,Cases,
10/29/2014,220,Nigeria,Cases,20.0
10/27/2014,218,Nigeria,Cases,20.0
10/25/2014,216,Nigeria,Cases,
10/22/2014,214,Nigeria,Cases,
10/21/2014,213,Nigeria,Cases,
10/19/2014,211,Nigeria,Cases,20.0
10/18/2014,210,Nigeria,Cases,
10/14/2014,206,Nigeria,Cases,20.0
10/13/2014,205,Nigeria,Cases,
10/12/2014,204,Nigeria,Cases,20.0
10/11/2014,203,Nigeria,Cases,
10/8/2014,200,Nigeria,Cases,20.0
10/7/2014,199,Nigeria,Cases,
10/5/2014,197,Nigeria,Cases,20.0
10/4/2014,196,Nigeria,Cases,
10/1/2014,193,Nigeria,Cases,20.0
9/28/2014,190,Nigeria,Cases,20.0
9/23/2014,185,Nigeria,Cases,20.0
9/21/2014,183,Nigeria,Cases,20.0
9/20/2014,182,Nigeria,Cases,
9/19/2014,181,Nigeria,Cases,
9/17/2014,179,Nigeria,Cases,
9/14/2014,176,Nigeria,Cases,
9/13/2014,175,Nigeria,Cases,21.0
9/10/2014,172,Nigeria,Cases,21.0
9/9/2014,171,Nigeria,Cases,
9/7/2014,169,Nigeria,Cases,21.0
9/5/2014,167,Nigeria,Cases,22.0
8/31/2014,162,Nigeria,Cases,21.0
8/26/2014,157,Nigeria,Cases,17.0
8/20/2014,151,Nigeria,Cases,16.0
8/18/2014,149,Nigeria,Cases,15.0
8/16/2014,147,Nigeria,Cases,15.0
8/13/2014,144,Nigeria,Cases,12.0
8/11/2014,142,Nigeria,Cases,12.0
8/9/2014,140,Nigeria,Cases,13.0
8/6/2014,137,Nigeria,Cases,13.0
8/4/2014,135,Nigeria,Cases,9.0
8/1/2014,132,Nigeria,Cases,4.0
7/30/2014,129,Nigeria,Cases,3.0
7/27/2014,126,Nigeria,Cases,1.0
7/23/2014,123,Nigeria,Cases,0.0
7/20/2014,120,Nigeria,Cases,
7/17/2014,117,Nigeria,Cases,
7/14/2014,114,Nigeria,Cases,
7/12/2014,112,Nigeria,Cases,
7/8/2014,108,Nigeria,Cases,
7/6/2014,106,Nigeria,Cases,
7/2/2014,102,Nigeria,Cases,
6/30/2014,100,Nigeria,Cases,
6/22/2014,92,Nigeria,Cases,
6/20/2014,90,Nigeria,Cases,
6/19/2014,89,Nigeria,Cases,
6/18/2014,88,Nigeria,Cases,
6/17/2014,87,Nigeria,Cases,
6/16/2014,86,Nigeria,Cases,
6/10/2014,80,Nigeria,Cases,
6/5/2014,75,Nigeria,Cases,
6/3/2014,73,Nigeria,Cases,
6/1/2014,71,Nigeria,Cases,
5/28/2014,67,Nigeria,Cases,
5/27/2014,66,Nigeria,Cases,
5/23/2014,62,Nigeria,Cases,
5/12/2014,51,Nigeria,Cases,
5/10/2014,49,Nigeria,Cases,
5/7/2014,46,Nigeria,Cases,
5/5/2014,44,Nigeria,Cases,
5/3/2014,42,Nigeria,Cases,
5/1/2014,40,Nigeria,Cases,
4/26/2014,35,Nigeria,Cases,
4/24/2014,33,Nigeria,Cases,
4/23/2014,32,Nigeria,Cases,
4/22/2014,31,Nigeria,Cases,
4/21/2014,30,Nigeria,Cases,
4/20/2014,29,Nigeria,Cases,
4/17/2014,26,Nigeria,Cases,
4/16/2014,25,Nigeria,Cases,
4/15/2014,24,Nigeria,Cases,
4/14/2014,23,Nigeria,Cases,
4/11/2014,20,Nigeria,Cases,
4/9/2014,18,Nigeria,Cases,
4/7/2014,16,Nigeria,Cases,
4/4/2014,13,Nigeria,Cases,
4/1/2014,10,Nigeria,Cases,
3/31/2014,9,Nigeria,Cases,
3/29/2014,7,Nigeria,Cases,
3/28/2014,6,Nigeria,Cases,
3/27/2014,5,Nigeria,Cases,
3/26/2014,4,Nigeria,Cases,
3/25/2014,3,Nigeria,Cases,
3/24/2014,2,Nigeria,Cases,
3/22/2014,0,Nigeria,Cases,
1/5/2015,289,Senegal,Cases,
1/4/2015,288,Senegal,Cases,
1/3/2015,287,Senegal,Cases,
1/2/2015,286,Senegal,Cases,
12/31/2014,284,Senegal,Cases,
12/28/2014,281,Senegal,Cases,
12/27/2014,280,Senegal,Cases,
12/24/2014,277,Senegal,Cases,
12/21/2014,273,Senegal,Cases,
12/20/2014,272,Senegal,Cases,
12/18/2014,271,Senegal,Cases,
12/14/2014,267,Senegal,Cases,
12/9/2014,262,Senegal,Cases,
12/7/2014,260,Senegal,Cases,1.0
12/3/2014,256,Senegal,Cases,
11/30/2014,253,Senegal,Cases,1.0
11/28/2014,251,Senegal,Cases,
11/23/2014,246,Senegal,Cases,1.0
11/22/2014,245,Senegal,Cases,
11/18/2014,241,Senegal,Cases,1.0
11/16/2014,239,Senegal,Cases,1.0
11/15/2014,238,Senegal,Cases,
11/11/2014,234,Senegal,Cases,1.0
11/10/2014,233,Senegal,Cases,
11/9/2014,232,Senegal,Cases,1.0
11/8/2014,231,Senegal,Cases,
11/4/2014,227,Senegal,Cases,1.0
11/3/2014,226,Senegal,Cases,
11/2/2014,225,Senegal,Cases,1.0
10/31/2014,222,Senegal,Cases,
10/29/2014,220,Senegal,Cases,1.0
10/27/2014,218,Senegal,Cases,1.0
10/25/2014,216,Senegal,Cases,
10/22/2014,214,Senegal,Cases,
10/21/2014,213,Senegal,Cases,
10/19/2014,211,Senegal,Cases,1.0
10/18/2014,210,Senegal,Cases,
10/14/2014,206,Senegal,Cases,1.0
10/13/2014,205,Senegal,Cases,
10/12/2014,204,Senegal,Cases,1.0
10/11/2014,203,Senegal,Cases,
10/8/2014,200,Senegal,Cases,1.0
10/7/2014,199,Senegal,Cases,
10/5/2014,197,Senegal,Cases,1.0
10/4/2014,196,Senegal,Cases,
10/1/2014,193,Senegal,Cases,1.0
9/28/2014,190,Senegal,Cases,1.0
9/23/2014,185,Senegal,Cases,1.0
9/21/2014,183,Senegal,Cases,1.0
9/20/2014,182,Senegal,Cases,
9/19/2014,181,Senegal,Cases,
9/17/2014,179,Senegal,Cases,
9/14/2014,176,Senegal,Cases,
9/13/2014,175,Senegal,Cases,1.0
9/10/2014,172,Senegal,Cases,1.0
9/9/2014,171,Senegal,Cases,
9/7/2014,169,Senegal,Cases,3.0
9/5/2014,167,Senegal,Cases,1.0
8/31/2014,162,Senegal,Cases,1.0
8/26/2014,157,Senegal,Cases,
8/20/2014,151,Senegal,Cases,
8/18/2014,149,Senegal,Cases,
8/16/2014,147,Senegal,Cases,
8/13/2014,144,Senegal,Cases,
8/11/2014,142,Senegal,Cases,
8/9/2014,140,Senegal,Cases,
8/6/2014,137,Senegal,Cases,
8/4/2014,135,Senegal,Cases,
8/1/2014,132,Senegal,Cases,
7/30/2014,129,Senegal,Cases,
7/27/2014,126,Senegal,Cases,
7/23/2014,123,Senegal,Cases,
7/20/2014,120,Senegal,Cases,
7/17/2014,117,Senegal,Cases,
7/14/2014,114,Senegal,Cases,
7/12/2014,112,Senegal,Cases,
7/8/2014,108,Senegal,Cases,
7/6/2014,106,Senegal,Cases,
7/2/2014,102,Senegal,Cases,
6/30/2014,100,Senegal,Cases,
6/22/2014,92,Senegal,Cases,
6/20/2014,90,Senegal,Cases,
6/19/2014,89,Senegal,Cases,
6/18/2014,88,Senegal,Cases,
6/17/2014,87,Senegal,Cases,
6/16/2014,86,Senegal,Cases,
6/10/2014,80,Senegal,Cases,
6/5/2014,75,Senegal,Cases,
6/3/2014,73,Senegal,Cases,
6/1/2014,71,Senegal,Cases,
5/28/2014,67,Senegal,Cases,
5/27/2014,66,Senegal,Cases,
5/23/2014,62,Senegal,Cases,
5/12/2014,51,Senegal,Cases,
5/10/2014,49,Senegal,Cases,
5/7/2014,46,Senegal,Cases,
5/5/2014,44,Senegal,Cases,
5/3/2014,42,Senegal,Cases,
5/1/2014,40,Senegal,Cases,
4/26/2014,35,Senegal,Cases,
4/24/2014,33,Senegal,Cases,
4/23/2014,32,Senegal,Cases,
4/22/2014,31,Senegal,Cases,
4/21/2014,30,Senegal,Cases,
4/20/2014,29,Senegal,Cases,
4/17/2014,26,Senegal,Cases,
4/16/2014,25,Senegal,Cases,
4/15/2014,24,Senegal,Cases,
4/14/2014,23,Senegal,Cases,
4/11/2014,20,Senegal,Cases,
4/9/2014,18,Senegal,Cases,
4/7/2014,16,Senegal,Cases,
4/4/2014,13,Senegal,Cases,
4/1/2014,10,Senegal,Cases,
3/31/2014,9,Senegal,Cases,
3/29/2014,7,Senegal,Cases,
3/28/2014,6,Senegal,Cases,
3/27/2014,5,Senegal,Cases,
3/26/2014,4,Senegal,Cases,
3/25/2014,3,Senegal,Cases,
3/24/2014,2,Senegal,Cases,
3/22/2014,0,Senegal,Cases,
1/5/2015,289,UnitedStates,Cases,
1/4/2015,288,UnitedStates,Cases,
1/3/2015,287,UnitedStates,Cases,
1/2/2015,286,UnitedStates,Cases,
12/31/2014,284,UnitedStates,Cases,
12/28/2014,281,UnitedStates,Cases,
12/27/2014,280,UnitedStates,Cases,
12/24/2014,277,UnitedStates,Cases,
12/21/2014,273,UnitedStates,Cases,
12/20/2014,272,UnitedStates,Cases,
12/18/2014,271,UnitedStates,Cases,
12/14/2014,267,UnitedStates,Cases,
12/9/2014,262,UnitedStates,Cases,
12/7/2014,260,UnitedStates,Cases,4.0
12/3/2014,256,UnitedStates,Cases,
11/30/2014,253,UnitedStates,Cases,4.0
11/28/2014,251,UnitedStates,Cases,
11/23/2014,246,UnitedStates,Cases,4.0
11/22/2014,245,UnitedStates,Cases,
11/18/2014,241,UnitedStates,Cases,4.0
11/16/2014,239,UnitedStates,Cases,4.0
11/15/2014,238,UnitedStates,Cases,
11/11/2014,234,UnitedStates,Cases,4.0
11/10/2014,233,UnitedStates,Cases,
11/9/2014,232,UnitedStates,Cases,4.0
11/8/2014,231,UnitedStates,Cases,
11/4/2014,227,UnitedStates,Cases,4.0
11/3/2014,226,UnitedStates,Cases,
11/2/2014,225,UnitedStates,Cases,4.0
10/31/2014,222,UnitedStates,Cases,
10/29/2014,220,UnitedStates,Cases,4.0
10/27/2014,218,UnitedStates,Cases,4.0
10/25/2014,216,UnitedStates,Cases,
10/22/2014,214,UnitedStates,Cases,4.0
10/21/2014,213,UnitedStates,Cases,
10/19/2014,211,UnitedStates,Cases,3.0
10/18/2014,210,UnitedStates,Cases,
10/14/2014,206,UnitedStates,Cases,3.0
10/13/2014,205,UnitedStates,Cases,
10/12/2014,204,UnitedStates,Cases,2.0
10/11/2014,203,UnitedStates,Cases,
10/8/2014,200,UnitedStates,Cases,1.0
10/7/2014,199,UnitedStates,Cases,
10/5/2014,197,UnitedStates,Cases,1.0
10/4/2014,196,UnitedStates,Cases,
10/1/2014,193,UnitedStates,Cases,1.0
9/28/2014,190,UnitedStates,Cases,
9/23/2014,185,UnitedStates,Cases,
9/21/2014,183,UnitedStates,Cases,
9/20/2014,182,UnitedStates,Cases,
9/19/2014,181,UnitedStates,Cases,
9/17/2014,179,UnitedStates,Cases,
9/14/2014,176,UnitedStates,Cases,
9/13/2014,175,UnitedStates,Cases,
9/10/2014,172,UnitedStates,Cases,
9/9/2014,171,UnitedStates,Cases,
9/7/2014,169,UnitedStates,Cases,
9/5/2014,167,UnitedStates,Cases,
8/31/2014,162,UnitedStates,Cases,
8/26/2014,157,UnitedStates,Cases,
8/20/2014,151,UnitedStates,Cases,
8/18/2014,149,UnitedStates,Cases,
8/16/2014,147,UnitedStates,Cases,
8/13/2014,144,UnitedStates,Cases,
8/11/2014,142,UnitedStates,Cases,
8/9/2014,140,UnitedStates,Cases,
8/6/2014,137,UnitedStates,Cases,
8/4/2014,135,UnitedStates,Cases,
8/1/2014,132,UnitedStates,Cases,
7/30/2014,129,UnitedStates,Cases,
7/27/2014,126,UnitedStates,Cases,
7/23/2014,123,UnitedStates,Cases,
7/20/2014,120,UnitedStates,Cases,
7/17/2014,117,UnitedStates,Cases,
7/14/2014,114,UnitedStates,Cases,
7/12/2014,112,UnitedStates,Cases,
7/8/2014,108,UnitedStates,Cases,
7/6/2014,106,UnitedStates,Cases,
7/2/2014,102,UnitedStates,Cases,
6/30/2014,100,UnitedStates,Cases,
6/22/2014,92,UnitedStates,Cases,
6/20/2014,90,UnitedStates,Cases,
6/19/2014,89,UnitedStates,Cases,
6/18/2014,88,UnitedStates,Cases,
6/17/2014,87,UnitedStates,Cases,
6/16/2014,86,UnitedStates,Cases,
6/10/2014,80,UnitedStates,Cases,
6/5/2014,75,UnitedStates,Cases,
6/3/2014,73,UnitedStates,Cases,
6/1/2014,71,UnitedStates,Cases,
5/28/2014,67,UnitedStates,Cases,
5/27/2014,66,UnitedStates,Cases,
5/23/2014,62,UnitedStates,Cases,
5/12/2014,51,UnitedStates,Cases,
5/10/2014,49,UnitedStates,Cases,
5/7/2014,46,UnitedStates,Cases,
5/5/2014,44,UnitedStates,Cases,
5/3/2014,42,UnitedStates,Cases,
5/1/2014,40,UnitedStates,Cases,
4/26/2014,35,UnitedStates,Cases,
4/24/2014,33,UnitedStates,Cases,
4/23/2014,32,UnitedStates,Cases,
4/22/2014,31,UnitedStates,Cases,
4/21/2014,30,UnitedStates,Cases,
4/20/2014,29,UnitedStates,Cases,
4/17/2014,26,UnitedStates,Cases,
4/16/2014,25,UnitedStates,Cases,
4/15/2014,24,UnitedStates,Cases,
4/14/2014,23,UnitedStates,Cases,
4/11/2014,20,UnitedStates,Cases,
4/9/2014,18,UnitedStates,Cases,
4/7/2014,16,UnitedStates,Cases,
4/4/2014,13,UnitedStates,Cases,
4/1/2014,10,UnitedStates,Cases,
3/31/2014,9,UnitedStates,Cases,
3/29/2014,7,UnitedStates,Cases,
3/28/2014,6,UnitedStates,Cases,
3/27/2014,5,UnitedStates,Cases,
3/26/2014,4,UnitedStates,Cases,
3/25/2014,3,UnitedStates,Cases,
3/24/2014,2,UnitedStates,Cases,
3/22/2014,0,UnitedStates,Cases,
1/5/2015,289,Spain,Cases,
1/4/2015,288,Spain,Cases,
1/3/2015,287,Spain,Cases,
1/2/2015,286,Spain,Cases,
12/31/2014,284,Spain,Cases,
12/28/2014,281,Spain,Cases,
12/27/2014,280,Spain,Cases,
12/24/2014,277,Spain,Cases,
12/21/2014,273,Spain,Cases,
12/20/2014,272,Spain,Cases,
12/18/2014,271,Spain,Cases,
12/14/2014,267,Spain,Cases,
12/9/2014,262,Spain,Cases,
12/7/2014,260,Spain,Cases,1.0
12/3/2014,256,Spain,Cases,
11/30/2014,253,Spain,Cases,1.0
11/28/2014,251,Spain,Cases,
11/23/2014,246,Spain,Cases,1.0
11/22/2014,245,Spain,Cases,
11/18/2014,241,Spain,Cases,1.0
11/16/2014,239,Spain,Cases,1.0
11/15/2014,238,Spain,Cases,
11/11/2014,234,Spain,Cases,1.0
11/10/2014,233,Spain,Cases,
11/9/2014,232,Spain,Cases,1.0
11/8/2014,231,Spain,Cases,
11/4/2014,227,Spain,Cases,1.0
11/3/2014,226,Spain,Cases,
11/2/2014,225,Spain,Cases,1.0
10/31/2014,222,Spain,Cases,
10/29/2014,220,Spain,Cases,1.0
10/27/2014,218,Spain,Cases,1.0
10/25/2014,216,Spain,Cases,
10/22/2014,214,Spain,Cases,1.0
10/21/2014,213,Spain,Cases,
10/19/2014,211,Spain,Cases,1.0
10/18/2014,210,Spain,Cases,
10/14/2014,206,Spain,Cases,1.0
10/13/2014,205,Spain,Cases,
10/12/2014,204,Spain,Cases,1.0
10/11/2014,203,Spain,Cases,
10/8/2014,200,Spain,Cases,1.0
10/7/2014,199,Spain,Cases,
10/5/2014,197,Spain,Cases,
10/4/2014,196,Spain,Cases,
10/1/2014,193,Spain,Cases,
9/28/2014,190,Spain,Cases,
9/23/2014,185,Spain,Cases,
9/21/2014,183,Spain,Cases,
9/20/2014,182,Spain,Cases,
9/19/2014,181,Spain,Cases,
9/17/2014,179,Spain,Cases,
9/14/2014,176,Spain,Cases,
9/13/2014,175,Spain,Cases,
9/10/2014,172,Spain,Cases,
9/9/2014,171,Spain,Cases,
9/7/2014,169,Spain,Cases,
9/5/2014,167,Spain,Cases,
8/31/2014,162,Spain,Cases,
8/26/2014,157,Spain,Cases,
8/20/2014,151,Spain,Cases,
8/18/2014,149,Spain,Cases,
8/16/2014,147,Spain,Cases,
8/13/2014,144,Spain,Cases,
8/11/2014,142,Spain,Cases,
8/9/2014,140,Spain,Cases,
8/6/2014,137,Spain,Cases,
8/4/2014,135,Spain,Cases,
8/1/2014,132,Spain,Cases,
7/30/2014,129,Spain,Cases,
7/27/2014,126,Spain,Cases,
7/23/2014,123,Spain,Cases,
7/20/2014,120,Spain,Cases,
7/17/2014,117,Spain,Cases,
7/14/2014,114,Spain,Cases,
7/12/2014,112,Spain,Cases,
7/8/2014,108,Spain,Cases,
7/6/2014,106,Spain,Cases,
7/2/2014,102,Spain,Cases,
6/30/2014,100,Spain,Cases,
6/22/2014,92,Spain,Cases,
6/20/2014,90,Spain,Cases,
6/19/2014,89,Spain,Cases,
6/18/2014,88,Spain,Cases,
6/17/2014,87,Spain,Cases,
6/16/2014,86,Spain,Cases,
6/10/2014,80,Spain,Cases,
6/5/2014,75,Spain,Cases,
6/3/2014,73,Spain,Cases,
6/1/2014,71,Spain,Cases,
5/28/2014,67,Spain,Cases,
5/27/2014,66,Spain,Cases,
5/23/2014,62,Spain,Cases,
5/12/2014,51,Spain,Cases,
5/10/2014,49,Spain,Cases,
5/7/2014,46,Spain,Cases,
5/5/2014,44,Spain,Cases,
5/3/2014,42,Spain,Cases,
5/1/2014,40,Spain,Cases,
4/26/2014,35,Spain,Cases,
4/24/2014,33,Spain,Cases,
4/23/2014,32,Spain,Cases,
4/22/2014,31,Spain,Cases,
4/21/2014,30,Spain,Cases,
4/20/2014,29,Spain,Cases,
4/17/2014,26,Spain,Cases,
4/16/2014,25,Spain,Cases,
4/15/2014,24,Spain,Cases,
4/14/2014,23,Spain,Cases,
4/11/2014,20,Spain,Cases,
4/9/2014,18,Spain,Cases,
4/7/2014,16,Spain,Cases,
4/4/2014,13,Spain,Cases,
4/1/2014,10,Spain,Cases,
3/31/2014,9,Spain,Cases,
3/29/2014,7,Spain,Cases,
3/28/2014,6,Spain,Cases,
3/27/2014,5,Spain,Cases,
3/26/2014,4,Spain,Cases,
3/25/2014,3,Spain,Cases,
3/24/2014,2,Spain,Cases,
3/22/2014,0,Spain,Cases,
1/5/2015,289,Mali,Cases,
1/4/2015,288,Mali,Cases,
1/3/2015,287,Mali,Cases,
1/2/2015,286,Mali,Cases,
12/31/2014,284,Mali,Cases,
12/28/2014,281,Mali,Cases,
12/27/2014,280,Mali,Cases,
12/24/2014,277,Mali,Cases,
12/21/2014,273,Mali,Cases,
12/20/2014,272,Mali,Cases,
12/18/2014,271,Mali,Cases,
12/14/2014,267,Mali,Cases,
12/9/2014,262,Mali,Cases,
12/7/2014,260,Mali,Cases,7.0
12/3/2014,256,Mali,Cases,
11/30/2014,253,Mali,Cases,7.0
11/28/2014,251,Mali,Cases,
11/23/2014,246,Mali,Cases,7.0
11/22/2014,245,Mali,Cases,
11/18/2014,241,Mali,Cases,6.0
11/16/2014,239,Mali,Cases,5.0
11/15/2014,238,Mali,Cases,
11/11/2014,234,Mali,Cases,4.0
11/10/2014,233,Mali,Cases,
11/9/2014,232,Mali,Cases,1.0
11/8/2014,231,Mali,Cases,
11/4/2014,227,Mali,Cases,1.0
11/3/2014,226,Mali,Cases,
11/2/2014,225,Mali,Cases,1.0
10/31/2014,222,Mali,Cases,
10/29/2014,220,Mali,Cases,1.0
10/27/2014,218,Mali,Cases,1.0
10/25/2014,216,Mali,Cases,
10/22/2014,214,Mali,Cases,1.0
10/21/2014,213,Mali,Cases,
10/19/2014,211,Mali,Cases,
10/18/2014,210,Mali,Cases,
10/14/2014,206,Mali,Cases,
10/13/2014,205,Mali,Cases,
10/12/2014,204,Mali,Cases,
10/11/2014,203,Mali,Cases,
10/8/2014,200,Mali,Cases,
10/7/2014,199,Mali,Cases,
10/5/2014,197,Mali,Cases,
10/4/2014,196,Mali,Cases,
10/1/2014,193,Mali,Cases,
9/28/2014,190,Mali,Cases,
9/23/2014,185,Mali,Cases,
9/21/2014,183,Mali,Cases,
9/20/2014,182,Mali,Cases,
9/19/2014,181,Mali,Cases,
9/17/2014,179,Mali,Cases,
9/14/2014,176,Mali,Cases,
9/13/2014,175,Mali,Cases,
9/10/2014,172,Mali,Cases,
9/9/2014,171,Mali,Cases,
9/7/2014,169,Mali,Cases,
9/5/2014,167,Mali,Cases,
8/31/2014,162,Mali,Cases,
8/26/2014,157,Mali,Cases,
8/20/2014,151,Mali,Cases,
8/18/2014,149,Mali,Cases,
8/16/2014,147,Mali,Cases,
8/13/2014,144,Mali,Cases,
8/11/2014,142,Mali,Cases,
8/9/2014,140,Mali,Cases,
8/6/2014,137,Mali,Cases,
8/4/2014,135,Mali,Cases,
8/1/2014,132,Mali,Cases,
7/30/2014,129,Mali,Cases,
7/27/2014,126,Mali,Cases,
7/23/2014,123,Mali,Cases,
7/20/2014,120,Mali,Cases,
7/17/2014,117,Mali,Cases,
7/14/2014,114,Mali,Cases,
7/12/2014,112,Mali,Cases,
7/8/2014,108,Mali,Cases,
7/6/2014,106,Mali,Cases,
7/2/2014,102,Mali,Cases,
6/30/2014,100,Mali,Cases,
6/22/2014,92,Mali,Cases,
6/20/2014,90,Mali,Cases,
6/19/2014,89,Mali,Cases,
6/18/2014,88,Mali,Cases,
6/17/2014,87,Mali,Cases,
6/16/2014,86,Mali,Cases,
6/10/2014,80,Mali,Cases,
6/5/2014,75,Mali,Cases,
6/3/2014,73,Mali,Cases,
6/1/2014,71,Mali,Cases,
5/28/2014,67,Mali,Cases,
5/27/2014,66,Mali,Cases,
5/23/2014,62,Mali,Cases,
5/12/2014,51,Mali,Cases,
5/10/2014,49,Mali,Cases,
5/7/2014,46,Mali,Cases,
5/5/2014,44,Mali,Cases,
5/3/2014,42,Mali,Cases,
5/1/2014,40,Mali,Cases,
4/26/2014,35,Mali,Cases,
4/24/2014,33,Mali,Cases,
4/23/2014,32,Mali,Cases,
4/22/2014,31,Mali,Cases,
4/21/2014,30,Mali,Cases,
4/20/2014,29,Mali,Cases,
4/17/2014,26,Mali,Cases,
4/16/2014,25,Mali,Cases,
4/15/2014,24,Mali,Cases,
4/14/2014,23,Mali,Cases,
4/11/2014,20,Mali,Cases,
4/9/2014,18,Mali,Cases,
4/7/2014,16,Mali,Cases,
4/4/2014,13,Mali,Cases,
4/1/2014,10,Mali,Cases,
3/31/2014,9,Mali,Cases,
3/29/2014,7,Mali,Cases,
3/28/2014,6,Mali,Cases,
3/27/2014,5,Mali,Cases,
3/26/2014,4,Mali,Cases,
3/25/2014,3,Mali,Cases,
3/24/2014,2,Mali,Cases,
3/22/2014,0,Mali,Cases,
1/5/2015,289,Guinea,Deaths,1786.0
1/4/2015,288,Guinea,Deaths,1781.0
1/3/2015,287,Guinea,Deaths,1767.0
1/2/2015,286,Guinea,Deaths,
12/31/2014,284,Guinea,Deaths,1739.0
12/28/2014,281,Guinea,Deaths,1708.0
12/27/2014,280,Guinea,Deaths,1697.0
12/24/2014,277,Guinea,Deaths,
12/21/2014,273,Guinea,Deaths,1607.0
12/20/2014,272,Guinea,Deaths,1586.0
12/18/2014,271,Guinea,Deaths,
12/14/2014,267,Guinea,Deaths,1525.0
12/9/2014,262,Guinea,Deaths,
12/7/2014,260,Guinea,Deaths,1428.0
12/3/2014,256,Guinea,Deaths,
11/30/2014,253,Guinea,Deaths,1327.0
11/28/2014,251,Guinea,Deaths,
11/23/2014,246,Guinea,Deaths,1260.0
11/22/2014,245,Guinea,Deaths,
11/18/2014,241,Guinea,Deaths,1214.0
11/16/2014,239,Guinea,Deaths,1192.0
11/15/2014,238,Guinea,Deaths,
11/11/2014,234,Guinea,Deaths,1166.0
11/10/2014,233,Guinea,Deaths,
11/9/2014,232,Guinea,Deaths,1142.0
11/8/2014,231,Guinea,Deaths,
11/4/2014,227,Guinea,Deaths,
11/3/2014,226,Guinea,Deaths,1054.0
11/2/2014,225,Guinea,Deaths,1041.0
10/31/2014,222,Guinea,Deaths,
10/29/2014,220,Guinea,Deaths,1018.0
10/27/2014,218,Guinea,Deaths,997.0
10/25/2014,216,Guinea,Deaths,
10/22/2014,214,Guinea,Deaths,
10/21/2014,213,Guinea,Deaths,926.0
10/19/2014,211,Guinea,Deaths,904.0
10/18/2014,210,Guinea,Deaths,
10/14/2014,206,Guinea,Deaths,862.0
10/13/2014,205,Guinea,Deaths,
10/12/2014,204,Guinea,Deaths,843.0
10/11/2014,203,Guinea,Deaths,
10/8/2014,200,Guinea,Deaths,
10/7/2014,199,Guinea,Deaths,778.0
10/5/2014,197,Guinea,Deaths,768.0
10/4/2014,196,Guinea,Deaths,
10/1/2014,193,Guinea,Deaths,739.0
9/28/2014,190,Guinea,Deaths,710.0
9/23/2014,185,Guinea,Deaths,648.0
9/21/2014,183,Guinea,Deaths,635.0
9/20/2014,182,Guinea,Deaths,
9/19/2014,181,Guinea,Deaths,632.0
9/17/2014,179,Guinea,Deaths,
9/14/2014,176,Guinea,Deaths,601.0
9/13/2014,175,Guinea,Deaths,595.0
9/10/2014,172,Guinea,Deaths,568.0
9/9/2014,171,Guinea,Deaths,
9/7/2014,169,Guinea,Deaths,557.0
9/5/2014,167,Guinea,Deaths,517.0
8/31/2014,162,Guinea,Deaths,494.0
8/26/2014,157,Guinea,Deaths,430.0
8/20/2014,151,Guinea,Deaths,406.0
8/18/2014,149,Guinea,Deaths,396.0
8/16/2014,147,Guinea,Deaths,394.0
8/13/2014,144,Guinea,Deaths,380.0
8/11/2014,142,Guinea,Deaths,377.0
8/9/2014,140,Guinea,Deaths,373.0
8/6/2014,137,Guinea,Deaths,367.0
8/4/2014,135,Guinea,Deaths,363.0
8/1/2014,132,Guinea,Deaths,358.0
7/30/2014,129,Guinea,Deaths,346.0
7/27/2014,126,Guinea,Deaths,339.0
7/23/2014,123,Guinea,Deaths,319.0
7/20/2014,120,Guinea,Deaths,314.0
7/17/2014,117,Guinea,Deaths,310.0
7/14/2014,114,Guinea,Deaths,310.0
7/12/2014,112,Guinea,Deaths,304.0
7/8/2014,108,Guinea,Deaths,309.0
7/6/2014,106,Guinea,Deaths,307.0
7/2/2014,102,Guinea,Deaths,305.0
6/30/2014,100,Guinea,Deaths,303.0
6/22/2014,92,Guinea,Deaths,
6/20/2014,90,Guinea,Deaths,270.0
6/19/2014,89,Guinea,Deaths,
6/18/2014,88,Guinea,Deaths,267.0
6/17/2014,87,Guinea,Deaths,
6/16/2014,86,Guinea,Deaths,264.0
6/10/2014,80,Guinea,Deaths,226.0
6/5/2014,75,Guinea,Deaths,
6/3/2014,73,Guinea,Deaths,215.0
6/1/2014,71,Guinea,Deaths,208.0
5/28/2014,67,Guinea,Deaths,193.0
5/27/2014,66,Guinea,Deaths,186.0
5/23/2014,62,Guinea,Deaths,174.0
5/12/2014,51,Guinea,Deaths,171.0
5/10/2014,49,Guinea,Deaths,157.0
5/7/2014,46,Guinea,Deaths,158.0
5/5/2014,44,Guinea,Deaths,157.0
5/3/2014,42,Guinea,Deaths,155.0
5/1/2014,40,Guinea,Deaths,149.0
4/26/2014,35,Guinea,Deaths,143.0
4/24/2014,33,Guinea,Deaths,
4/23/2014,32,Guinea,Deaths,141.0
4/22/2014,31,Guinea,Deaths,
4/21/2014,30,Guinea,Deaths,
4/20/2014,29,Guinea,Deaths,136.0
4/17/2014,26,Guinea,Deaths,129.0
4/16/2014,25,Guinea,Deaths,122.0
4/15/2014,24,Guinea,Deaths,
4/14/2014,23,Guinea,Deaths,108.0
4/11/2014,20,Guinea,Deaths,106.0
4/9/2014,18,Guinea,Deaths,101.0
4/7/2014,16,Guinea,Deaths,95.0
4/4/2014,13,Guinea,Deaths,86.0
4/1/2014,10,Guinea,Deaths,83.0
3/31/2014,9,Guinea,Deaths,80.0
3/29/2014,7,Guinea,Deaths,70.0
3/28/2014,6,Guinea,Deaths,70.0
3/27/2014,5,Guinea,Deaths,66.0
3/26/2014,4,Guinea,Deaths,62.0
3/25/2014,3,Guinea,Deaths,60.0
3/24/2014,2,Guinea,Deaths,59.0
3/22/2014,0,Guinea,Deaths,29.0
1/5/2015,289,Liberia,Deaths,
1/4/2015,288,Liberia,Deaths,
1/3/2015,287,Liberia,Deaths,3496.0
1/2/2015,286,Liberia,Deaths,3496.0
12/31/2014,284,Liberia,Deaths,3471.0
12/28/2014,281,Liberia,Deaths,3423.0
12/27/2014,280,Liberia,Deaths,
12/24/2014,277,Liberia,Deaths,3413.0
12/21/2014,273,Liberia,Deaths,
12/20/2014,272,Liberia,Deaths,3384.0
12/18/2014,271,Liberia,Deaths,3376.0
12/14/2014,267,Liberia,Deaths,
12/9/2014,262,Liberia,Deaths,3290.0
12/7/2014,260,Liberia,Deaths,
12/3/2014,256,Liberia,Deaths,3177.0
11/30/2014,253,Liberia,Deaths,
11/28/2014,251,Liberia,Deaths,3145.0
11/23/2014,246,Liberia,Deaths,
11/22/2014,245,Liberia,Deaths,3016.0
11/18/2014,241,Liberia,Deaths,2963.0
11/16/2014,239,Liberia,Deaths,
11/15/2014,238,Liberia,Deaths,2964.0
11/11/2014,234,Liberia,Deaths,
11/10/2014,233,Liberia,Deaths,2812.0
11/9/2014,232,Liberia,Deaths,
11/8/2014,231,Liberia,Deaths,2836.0
11/4/2014,227,Liberia,Deaths,2766.0
11/3/2014,226,Liberia,Deaths,
11/2/2014,225,Liberia,Deaths,
10/31/2014,222,Liberia,Deaths,2697.0
10/29/2014,220,Liberia,Deaths,
10/27/2014,218,Liberia,Deaths,
10/25/2014,216,Liberia,Deaths,2413.0
10/22/2014,214,Liberia,Deaths,
10/21/2014,213,Liberia,Deaths,
10/19/2014,211,Liberia,Deaths,
10/18/2014,210,Liberia,Deaths,2705.0
10/14/2014,206,Liberia,Deaths,
10/13/2014,205,Liberia,Deaths,2484.0
10/12/2014,204,Liberia,Deaths,
10/11/2014,203,Liberia,Deaths,2458.0
10/8/2014,200,Liberia,Deaths,
10/7/2014,199,Liberia,Deaths,2316.0
10/5/2014,197,Liberia,Deaths,
10/4/2014,196,Liberia,Deaths,2210.0
10/1/2014,193,Liberia,Deaths,2069.0
9/28/2014,190,Liberia,Deaths,1998.0
9/23/2014,185,Liberia,Deaths,1830.0
9/21/2014,183,Liberia,Deaths,1677.0
9/20/2014,182,Liberia,Deaths,
9/19/2014,181,Liberia,Deaths,
9/17/2014,179,Liberia,Deaths,1578.0
9/14/2014,176,Liberia,Deaths,1459.0
9/13/2014,175,Liberia,Deaths,1296.0
9/10/2014,172,Liberia,Deaths,
9/9/2014,171,Liberia,Deaths,
9/7/2014,169,Liberia,Deaths,1137.0
9/5/2014,167,Liberia,Deaths,1089.0
8/31/2014,162,Liberia,Deaths,871.0
8/26/2014,157,Liberia,Deaths,694.0
8/20/2014,151,Liberia,Deaths,624.0
8/18/2014,149,Liberia,Deaths,576.0
8/16/2014,147,Liberia,Deaths,466.0
8/13/2014,144,Liberia,Deaths,413.0
8/11/2014,142,Liberia,Deaths,355.0
8/9/2014,140,Liberia,Deaths,323.0
8/6/2014,137,Liberia,Deaths,294.0
8/4/2014,135,Liberia,Deaths,282.0
8/1/2014,132,Liberia,Deaths,255.0
7/30/2014,129,Liberia,Deaths,227.0
7/27/2014,126,Liberia,Deaths,156.0
7/23/2014,123,Liberia,Deaths,129.0
7/20/2014,120,Liberia,Deaths,127.0
7/17/2014,117,Liberia,Deaths,116.0
7/14/2014,114,Liberia,Deaths,106.0
7/12/2014,112,Liberia,Deaths,105.0
7/8/2014,108,Liberia,Deaths,88.0
7/6/2014,106,Liberia,Deaths,84.0
7/2/2014,102,Liberia,Deaths,75.0
6/30/2014,100,Liberia,Deaths,65.0
6/22/2014,92,Liberia,Deaths,34.0
6/20/2014,90,Liberia,Deaths,
6/19/2014,89,Liberia,Deaths,25.0
6/18/2014,88,Liberia,Deaths,
6/17/2014,87,Liberia,Deaths,
6/16/2014,86,Liberia,Deaths,24.0
6/10/2014,80,Liberia,Deaths,24.0
6/5/2014,75,Liberia,Deaths,
6/3/2014,73,Liberia,Deaths,12.0
6/1/2014,71,Liberia,Deaths,12.0
5/28/2014,67,Liberia,Deaths,12.0
5/27/2014,66,Liberia,Deaths,11.0
5/23/2014,62,Liberia,Deaths,11.0
5/12/2014,51,Liberia,Deaths,11.0
5/10/2014,49,Liberia,Deaths,11.0
5/7/2014,46,Liberia,Deaths,11.0
5/5/2014,44,Liberia,Deaths,11.0
5/3/2014,42,Liberia,Deaths,11.0
5/1/2014,40,Liberia,Deaths,11.0
4/26/2014,35,Liberia,Deaths,
4/24/2014,33,Liberia,Deaths,
4/23/2014,32,Liberia,Deaths,
4/22/2014,31,Liberia,Deaths,
4/21/2014,30,Liberia,Deaths,11.0
4/20/2014,29,Liberia,Deaths,6.0
4/17/2014,26,Liberia,Deaths,
4/16/2014,25,Liberia,Deaths,13.0
4/15/2014,24,Liberia,Deaths,
4/14/2014,23,Liberia,Deaths,
4/11/2014,20,Liberia,Deaths,13.0
4/9/2014,18,Liberia,Deaths,12.0
4/7/2014,16,Liberia,Deaths,10.0
4/4/2014,13,Liberia,Deaths,7.0
4/1/2014,10,Liberia,Deaths,5.0
3/31/2014,9,Liberia,Deaths,4.0
3/29/2014,7,Liberia,Deaths,2.0
3/28/2014,6,Liberia,Deaths,3.0
3/27/2014,5,Liberia,Deaths,6.0
3/26/2014,4,Liberia,Deaths,
3/25/2014,3,Liberia,Deaths,
3/24/2014,2,Liberia,Deaths,
3/22/2014,0,Liberia,Deaths,
1/5/2015,289,SierraLeone,Deaths,2977.0
1/4/2015,288,SierraLeone,Deaths,2943.0
1/3/2015,287,SierraLeone,Deaths,2915.0
1/2/2015,286,SierraLeone,Deaths,
12/31/2014,284,SierraLeone,Deaths,2827.0
12/28/2014,281,SierraLeone,Deaths,2758.0
12/27/2014,280,SierraLeone,Deaths,2732.0
12/24/2014,277,SierraLeone,Deaths,2655.0
12/21/2014,273,SierraLeone,Deaths,2582.0
12/20/2014,272,SierraLeone,Deaths,2556.0
12/18/2014,271,SierraLeone,Deaths,
12/14/2014,267,SierraLeone,Deaths,2085.0
12/9/2014,262,SierraLeone,Deaths,
12/7/2014,260,SierraLeone,Deaths,1768.0
12/3/2014,256,SierraLeone,Deaths,
11/30/2014,253,SierraLeone,Deaths,1583.0
11/28/2014,251,SierraLeone,Deaths,
11/23/2014,246,SierraLeone,Deaths,1398.0
11/22/2014,245,SierraLeone,Deaths,
11/18/2014,241,SierraLeone,Deaths,1267.0
11/16/2014,239,SierraLeone,Deaths,1250.0
11/15/2014,238,SierraLeone,Deaths,
11/11/2014,234,SierraLeone,Deaths,1187.0
11/10/2014,233,SierraLeone,Deaths,
11/9/2014,232,SierraLeone,Deaths,1169.0
11/8/2014,231,SierraLeone,Deaths,
11/4/2014,227,SierraLeone,Deaths,1130.0
11/3/2014,226,SierraLeone,Deaths,
11/2/2014,225,SierraLeone,Deaths,1070.0
10/31/2014,222,SierraLeone,Deaths,
10/29/2014,220,SierraLeone,Deaths,1510.0
10/27/2014,218,SierraLeone,Deaths,1500.0
10/25/2014,216,SierraLeone,Deaths,
10/22/2014,214,SierraLeone,Deaths,1281.0
10/21/2014,213,SierraLeone,Deaths,
10/19/2014,211,SierraLeone,Deaths,1259.0
10/18/2014,210,SierraLeone,Deaths,
10/14/2014,206,SierraLeone,Deaths,1200.0
10/13/2014,205,SierraLeone,Deaths,
10/12/2014,204,SierraLeone,Deaths,1183.0
10/11/2014,203,SierraLeone,Deaths,
10/8/2014,200,SierraLeone,Deaths,930.0
10/7/2014,199,SierraLeone,Deaths,
10/5/2014,197,SierraLeone,Deaths,879.0
10/4/2014,196,SierraLeone,Deaths,
10/1/2014,193,SierraLeone,Deaths,623.0
9/28/2014,190,SierraLeone,Deaths,622.0
9/23/2014,185,SierraLeone,Deaths,605.0
9/21/2014,183,SierraLeone,Deaths,597.0
9/20/2014,182,SierraLeone,Deaths,593.0
9/19/2014,181,SierraLeone,Deaths,
9/17/2014,179,SierraLeone,Deaths,
9/14/2014,176,SierraLeone,Deaths,562.0
9/13/2014,175,SierraLeone,Deaths,562.0
9/10/2014,172,SierraLeone,Deaths,536.0
9/9/2014,171,SierraLeone,Deaths,
9/7/2014,169,SierraLeone,Deaths,524.0
9/5/2014,167,SierraLeone,Deaths,491.0
8/31/2014,162,SierraLeone,Deaths,476.0
8/26/2014,157,SierraLeone,Deaths,422.0
8/20/2014,151,SierraLeone,Deaths,392.0
8/18/2014,149,SierraLeone,Deaths,374.0
8/16/2014,147,SierraLeone,Deaths,365.0
8/13/2014,144,SierraLeone,Deaths,348.0
8/11/2014,142,SierraLeone,Deaths,334.0
8/9/2014,140,SierraLeone,Deaths,315.0
8/6/2014,137,SierraLeone,Deaths,298.0
8/4/2014,135,SierraLeone,Deaths,286.0
8/1/2014,132,SierraLeone,Deaths,273.0
7/30/2014,129,SierraLeone,Deaths,252.0
7/27/2014,126,SierraLeone,Deaths,233.0
7/23/2014,123,SierraLeone,Deaths,224.0
7/20/2014,120,SierraLeone,Deaths,219.0
7/17/2014,117,SierraLeone,Deaths,206.0
7/14/2014,114,SierraLeone,Deaths,197.0
7/12/2014,112,SierraLeone,Deaths,194.0
7/8/2014,108,SierraLeone,Deaths,142.0
7/6/2014,106,SierraLeone,Deaths,127.0
7/2/2014,102,SierraLeone,Deaths,101.0
6/30/2014,100,SierraLeone,Deaths,99.0
6/22/2014,92,SierraLeone,Deaths,
6/20/2014,90,SierraLeone,Deaths,34.0
6/19/2014,89,SierraLeone,Deaths,
6/18/2014,88,SierraLeone,Deaths,28.0
6/17/2014,87,SierraLeone,Deaths,49.0
6/16/2014,86,SierraLeone,Deaths,
6/10/2014,80,SierraLeone,Deaths,7.0
6/5/2014,75,SierraLeone,Deaths,6.0
6/3/2014,73,SierraLeone,Deaths,6.0
6/1/2014,71,SierraLeone,Deaths,6.0
5/28/2014,67,SierraLeone,Deaths,6.0
5/27/2014,66,SierraLeone,Deaths,5.0
5/23/2014,62,SierraLeone,Deaths,0.0
5/12/2014,51,SierraLeone,Deaths,0.0
5/10/2014,49,SierraLeone,Deaths,0.0
5/7/2014,46,SierraLeone,Deaths,0.0
5/5/2014,44,SierraLeone,Deaths,0.0
5/3/2014,42,SierraLeone,Deaths,0.0
5/1/2014,40,SierraLeone,Deaths,0.0
4/26/2014,35,SierraLeone,Deaths,0.0
4/24/2014,33,SierraLeone,Deaths,0.0
4/23/2014,32,SierraLeone,Deaths,0.0
4/22/2014,31,SierraLeone,Deaths,0.0
4/21/2014,30,SierraLeone,Deaths,
4/20/2014,29,SierraLeone,Deaths,
4/17/2014,26,SierraLeone,Deaths,
4/16/2014,25,SierraLeone,Deaths,
4/15/2014,24,SierraLeone,Deaths,
4/14/2014,23,SierraLeone,Deaths,
4/11/2014,20,SierraLeone,Deaths,2.0
4/9/2014,18,SierraLeone,Deaths,2.0
4/7/2014,16,SierraLeone,Deaths,2.0
4/4/2014,13,SierraLeone,Deaths,2.0
4/1/2014,10,SierraLeone,Deaths,2.0
3/31/2014,9,SierraLeone,Deaths,2.0
3/29/2014,7,SierraLeone,Deaths,
3/28/2014,6,SierraLeone,Deaths,2.0
3/27/2014,5,SierraLeone,Deaths,5.0
3/26/2014,4,SierraLeone,Deaths,
3/25/2014,3,SierraLeone,Deaths,
3/24/2014,2,SierraLeone,Deaths,
3/22/2014,0,SierraLeone,Deaths,
1/5/2015,289,Nigeria,Deaths,
1/4/2015,288,Nigeria,Deaths,
1/3/2015,287,Nigeria,Deaths,
1/2/2015,286,Nigeria,Deaths,
12/31/2014,284,Nigeria,Deaths,
12/28/2014,281,Nigeria,Deaths,
12/27/2014,280,Nigeria,Deaths,
12/24/2014,277,Nigeria,Deaths,
12/21/2014,273,Nigeria,Deaths,
12/20/2014,272,Nigeria,Deaths,
12/18/2014,271,Nigeria,Deaths,
12/14/2014,267,Nigeria,Deaths,
12/9/2014,262,Nigeria,Deaths,
12/7/2014,260,Nigeria,Deaths,8.0
12/3/2014,256,Nigeria,Deaths,
11/30/2014,253,Nigeria,Deaths,8.0
11/28/2014,251,Nigeria,Deaths,
11/23/2014,246,Nigeria,Deaths,8.0
11/22/2014,245,Nigeria,Deaths,
11/18/2014,241,Nigeria,Deaths,8.0
11/16/2014,239,Nigeria,Deaths,8.0
11/15/2014,238,Nigeria,Deaths,
11/11/2014,234,Nigeria,Deaths,8.0
11/10/2014,233,Nigeria,Deaths,
11/9/2014,232,Nigeria,Deaths,8.0
11/8/2014,231,Nigeria,Deaths,
11/4/2014,227,Nigeria,Deaths,8.0
11/3/2014,226,Nigeria,Deaths,
11/2/2014,225,Nigeria,Deaths,8.0
10/31/2014,222,Nigeria,Deaths,
10/29/2014,220,Nigeria,Deaths,8.0
10/27/2014,218,Nigeria,Deaths,8.0
10/25/2014,216,Nigeria,Deaths,
10/22/2014,214,Nigeria,Deaths,
10/21/2014,213,Nigeria,Deaths,
10/19/2014,211,Nigeria,Deaths,8.0
10/18/2014,210,Nigeria,Deaths,
10/14/2014,206,Nigeria,Deaths,8.0
10/13/2014,205,Nigeria,Deaths,
10/12/2014,204,Nigeria,Deaths,8.0
10/11/2014,203,Nigeria,Deaths,
10/8/2014,200,Nigeria,Deaths,8.0
10/7/2014,199,Nigeria,Deaths,
10/5/2014,197,Nigeria,Deaths,8.0
10/4/2014,196,Nigeria,Deaths,
10/1/2014,193,Nigeria,Deaths,8.0
9/28/2014,190,Nigeria,Deaths,8.0
9/23/2014,185,Nigeria,Deaths,8.0
9/21/2014,183,Nigeria,Deaths,8.0
9/20/2014,182,Nigeria,Deaths,
9/19/2014,181,Nigeria,Deaths,
9/17/2014,179,Nigeria,Deaths,
9/14/2014,176,Nigeria,Deaths,
9/13/2014,175,Nigeria,Deaths,8.0
9/10/2014,172,Nigeria,Deaths,8.0
9/9/2014,171,Nigeria,Deaths,
9/7/2014,169,Nigeria,Deaths,8.0
9/5/2014,167,Nigeria,Deaths,8.0
8/31/2014,162,Nigeria,Deaths,7.0
8/26/2014,157,Nigeria,Deaths,6.0
8/20/2014,151,Nigeria,Deaths,5.0
8/18/2014,149,Nigeria,Deaths,4.0
8/16/2014,147,Nigeria,Deaths,4.0
8/13/2014,144,Nigeria,Deaths,4.0
8/11/2014,142,Nigeria,Deaths,3.0
8/9/2014,140,Nigeria,Deaths,2.0
8/6/2014,137,Nigeria,Deaths,2.0
8/4/2014,135,Nigeria,Deaths,1.0
8/1/2014,132,Nigeria,Deaths,1.0
7/30/2014,129,Nigeria,Deaths,1.0
7/27/2014,126,Nigeria,Deaths,1.0
7/23/2014,123,Nigeria,Deaths,0.0
7/20/2014,120,Nigeria,Deaths,
7/17/2014,117,Nigeria,Deaths,
7/14/2014,114,Nigeria,Deaths,
7/12/2014,112,Nigeria,Deaths,
7/8/2014,108,Nigeria,Deaths,
7/6/2014,106,Nigeria,Deaths,
7/2/2014,102,Nigeria,Deaths,
6/30/2014,100,Nigeria,Deaths,
6/22/2014,92,Nigeria,Deaths,
6/20/2014,90,Nigeria,Deaths,
6/19/2014,89,Nigeria,Deaths,
6/18/2014,88,Nigeria,Deaths,
6/17/2014,87,Nigeria,Deaths,
6/16/2014,86,Nigeria,Deaths,
6/10/2014,80,Nigeria,Deaths,
6/5/2014,75,Nigeria,Deaths,
6/3/2014,73,Nigeria,Deaths,
6/1/2014,71,Nigeria,Deaths,
5/28/2014,67,Nigeria,Deaths,
5/27/2014,66,Nigeria,Deaths,
5/23/2014,62,Nigeria,Deaths,
5/12/2014,51,Nigeria,Deaths,
5/10/2014,49,Nigeria,Deaths,
5/7/2014,46,Nigeria,Deaths,
5/5/2014,44,Nigeria,Deaths,
5/3/2014,42,Nigeria,Deaths,
5/1/2014,40,Nigeria,Deaths,
4/26/2014,35,Nigeria,Deaths,
4/24/2014,33,Nigeria,Deaths,
4/23/2014,32,Nigeria,Deaths,
4/22/2014,31,Nigeria,Deaths,
4/21/2014,30,Nigeria,Deaths,
4/20/2014,29,Nigeria,Deaths,
4/17/2014,26,Nigeria,Deaths,
4/16/2014,25,Nigeria,Deaths,
4/15/2014,24,Nigeria,Deaths,
4/14/2014,23,Nigeria,Deaths,
4/11/2014,20,Nigeria,Deaths,
4/9/2014,18,Nigeria,Deaths,
4/7/2014,16,Nigeria,Deaths,
4/4/2014,13,Nigeria,Deaths,
4/1/2014,10,Nigeria,Deaths,
3/31/2014,9,Nigeria,Deaths,
3/29/2014,7,Nigeria,Deaths,
3/28/2014,6,Nigeria,Deaths,
3/27/2014,5,Nigeria,Deaths,
3/26/2014,4,Nigeria,Deaths,
3/25/2014,3,Nigeria,Deaths,
3/24/2014,2,Nigeria,Deaths,
3/22/2014,0,Nigeria,Deaths,
1/5/2015,289,Senegal,Deaths,
1/4/2015,288,Senegal,Deaths,
1/3/2015,287,Senegal,Deaths,
1/2/2015,286,Senegal,Deaths,
12/31/2014,284,Senegal,Deaths,
12/28/2014,281,Senegal,Deaths,
12/27/2014,280,Senegal,Deaths,
12/24/2014,277,Senegal,Deaths,
12/21/2014,273,Senegal,Deaths,
12/20/2014,272,Senegal,Deaths,
12/18/2014,271,Senegal,Deaths,
12/14/2014,267,Senegal,Deaths,
12/9/2014,262,Senegal,Deaths,
12/7/2014,260,Senegal,Deaths,0.0
12/3/2014,256,Senegal,Deaths,
11/30/2014,253,Senegal,Deaths,0.0
11/28/2014,251,Senegal,Deaths,
11/23/2014,246,Senegal,Deaths,0.0
11/22/2014,245,Senegal,Deaths,
11/18/2014,241,Senegal,Deaths,0.0
11/16/2014,239,Senegal,Deaths,0.0
11/15/2014,238,Senegal,Deaths,
11/11/2014,234,Senegal,Deaths,0.0
11/10/2014,233,Senegal,Deaths,
11/9/2014,232,Senegal,Deaths,0.0
11/8/2014,231,Senegal,Deaths,
11/4/2014,227,Senegal,Deaths,0.0
11/3/2014,226,Senegal,Deaths,
11/2/2014,225,Senegal,Deaths,0.0
10/31/2014,222,Senegal,Deaths,
10/29/2014,220,Senegal,Deaths,0.0
10/27/2014,218,Senegal,Deaths,0.0
10/25/2014,216,Senegal,Deaths,
10/22/2014,214,Senegal,Deaths,
10/21/2014,213,Senegal,Deaths,
10/19/2014,211,Senegal,Deaths,0.0
10/18/2014,210,Senegal,Deaths,
10/14/2014,206,Senegal,Deaths,0.0
10/13/2014,205,Senegal,Deaths,
10/12/2014,204,Senegal,Deaths,0.0
10/11/2014,203,Senegal,Deaths,
10/8/2014,200,Senegal,Deaths,0.0
10/7/2014,199,Senegal,Deaths,
10/5/2014,197,Senegal,Deaths,0.0
10/4/2014,196,Senegal,Deaths,
10/1/2014,193,Senegal,Deaths,0.0
9/28/2014,190,Senegal,Deaths,0.0
9/23/2014,185,Senegal,Deaths,0.0
9/21/2014,183,Senegal,Deaths,0.0
9/20/2014,182,Senegal,Deaths,
9/19/2014,181,Senegal,Deaths,
9/17/2014,179,Senegal,Deaths,
9/14/2014,176,Senegal,Deaths,
9/13/2014,175,Senegal,Deaths,0.0
9/10/2014,172,Senegal,Deaths,
9/9/2014,171,Senegal,Deaths,
9/7/2014,169,Senegal,Deaths,0.0
9/5/2014,167,Senegal,Deaths,
8/31/2014,162,Senegal,Deaths,
8/26/2014,157,Senegal,Deaths,
8/20/2014,151,Senegal,Deaths,
8/18/2014,149,Senegal,Deaths,
8/16/2014,147,Senegal,Deaths,
8/13/2014,144,Senegal,Deaths,
8/11/2014,142,Senegal,Deaths,
8/9/2014,140,Senegal,Deaths,
8/6/2014,137,Senegal,Deaths,
8/4/2014,135,Senegal,Deaths,
8/1/2014,132,Senegal,Deaths,
7/30/2014,129,Senegal,Deaths,
7/27/2014,126,Senegal,Deaths,
7/23/2014,123,Senegal,Deaths,
7/20/2014,120,Senegal,Deaths,
7/17/2014,117,Senegal,Deaths,
7/14/2014,114,Senegal,Deaths,
7/12/2014,112,Senegal,Deaths,
7/8/2014,108,Senegal,Deaths,
7/6/2014,106,Senegal,Deaths,
7/2/2014,102,Senegal,Deaths,
6/30/2014,100,Senegal,Deaths,
6/22/2014,92,Senegal,Deaths,
6/20/2014,90,Senegal,Deaths,
6/19/2014,89,Senegal,Deaths,
6/18/2014,88,Senegal,Deaths,
6/17/2014,87,Senegal,Deaths,
6/16/2014,86,Senegal,Deaths,
6/10/2014,80,Senegal,Deaths,
6/5/2014,75,Senegal,Deaths,
6/3/2014,73,Senegal,Deaths,
6/1/2014,71,Senegal,Deaths,
5/28/2014,67,Senegal,Deaths,
5/27/2014,66,Senegal,Deaths,
5/23/2014,62,Senegal,Deaths,
5/12/2014,51,Senegal,Deaths,
5/10/2014,49,Senegal,Deaths,
5/7/2014,46,Senegal,Deaths,
5/5/2014,44,Senegal,Deaths,
5/3/2014,42,Senegal,Deaths,
5/1/2014,40,Senegal,Deaths,
4/26/2014,35,Senegal,Deaths,
4/24/2014,33,Senegal,Deaths,
4/23/2014,32,Senegal,Deaths,
4/22/2014,31,Senegal,Deaths,
4/21/2014,30,Senegal,Deaths,
4/20/2014,29,Senegal,Deaths,
4/17/2014,26,Senegal,Deaths,
4/16/2014,25,Senegal,Deaths,
4/15/2014,24,Senegal,Deaths,
4/14/2014,23,Senegal,Deaths,
4/11/2014,20,Senegal,Deaths,
4/9/2014,18,Senegal,Deaths,
4/7/2014,16,Senegal,Deaths,
4/4/2014,13,Senegal,Deaths,
4/1/2014,10,Senegal,Deaths,
3/31/2014,9,Senegal,Deaths,
3/29/2014,7,Senegal,Deaths,
3/28/2014,6,Senegal,Deaths,
3/27/2014,5,Senegal,Deaths,
3/26/2014,4,Senegal,Deaths,
3/25/2014,3,Senegal,Deaths,
3/24/2014,2,Senegal,Deaths,
3/22/2014,0,Senegal,Deaths,
1/5/2015,289,UnitedStates,Deaths,
1/4/2015,288,UnitedStates,Deaths,
1/3/2015,287,UnitedStates,Deaths,
1/2/2015,286,UnitedStates,Deaths,
12/31/2014,284,UnitedStates,Deaths,
12/28/2014,281,UnitedStates,Deaths,
12/27/2014,280,UnitedStates,Deaths,
12/24/2014,277,UnitedStates,Deaths,
12/21/2014,273,UnitedStates,Deaths,
12/20/2014,272,UnitedStates,Deaths,
12/18/2014,271,UnitedStates,Deaths,
12/14/2014,267,UnitedStates,Deaths,
12/9/2014,262,UnitedStates,Deaths,
12/7/2014,260,UnitedStates,Deaths,1.0
12/3/2014,256,UnitedStates,Deaths,
11/30/2014,253,UnitedStates,Deaths,1.0
11/28/2014,251,UnitedStates,Deaths,
11/23/2014,246,UnitedStates,Deaths,1.0
11/22/2014,245,UnitedStates,Deaths,
11/18/2014,241,UnitedStates,Deaths,1.0
11/16/2014,239,UnitedStates,Deaths,1.0
11/15/2014,238,UnitedStates,Deaths,
11/11/2014,234,UnitedStates,Deaths,1.0
11/10/2014,233,UnitedStates,Deaths,
11/9/2014,232,UnitedStates,Deaths,1.0
11/8/2014,231,UnitedStates,Deaths,
11/4/2014,227,UnitedStates,Deaths,1.0
11/3/2014,226,UnitedStates,Deaths,
11/2/2014,225,UnitedStates,Deaths,1.0
10/31/2014,222,UnitedStates,Deaths,
10/29/2014,220,UnitedStates,Deaths,1.0
10/27/2014,218,UnitedStates,Deaths,1.0
10/25/2014,216,UnitedStates,Deaths,
10/22/2014,214,UnitedStates,Deaths,1.0
10/21/2014,213,UnitedStates,Deaths,
10/19/2014,211,UnitedStates,Deaths,1.0
10/18/2014,210,UnitedStates,Deaths,
10/14/2014,206,UnitedStates,Deaths,0.0
10/13/2014,205,UnitedStates,Deaths,
10/12/2014,204,UnitedStates,Deaths,1.0
10/11/2014,203,UnitedStates,Deaths,
10/8/2014,200,UnitedStates,Deaths,1.0
10/7/2014,199,UnitedStates,Deaths,
10/5/2014,197,UnitedStates,Deaths,0.0
10/4/2014,196,UnitedStates,Deaths,
10/1/2014,193,UnitedStates,Deaths,0.0
9/28/2014,190,UnitedStates,Deaths,
9/23/2014,185,UnitedStates,Deaths,
9/21/2014,183,UnitedStates,Deaths,
9/20/2014,182,UnitedStates,Deaths,
9/19/2014,181,UnitedStates,Deaths,
9/17/2014,179,UnitedStates,Deaths,
9/14/2014,176,UnitedStates,Deaths,
9/13/2014,175,UnitedStates,Deaths,
9/10/2014,172,UnitedStates,Deaths,
9/9/2014,171,UnitedStates,Deaths,
9/7/2014,169,UnitedStates,Deaths,
9/5/2014,167,UnitedStates,Deaths,
8/31/2014,162,UnitedStates,Deaths,
8/26/2014,157,UnitedStates,Deaths,
8/20/2014,151,UnitedStates,Deaths,
8/18/2014,149,UnitedStates,Deaths,
8/16/2014,147,UnitedStates,Deaths,
8/13/2014,144,UnitedStates,Deaths,
8/11/2014,142,UnitedStates,Deaths,
8/9/2014,140,UnitedStates,Deaths,
8/6/2014,137,UnitedStates,Deaths,
8/4/2014,135,UnitedStates,Deaths,
8/1/2014,132,UnitedStates,Deaths,
7/30/2014,129,UnitedStates,Deaths,
7/27/2014,126,UnitedStates,Deaths,
7/23/2014,123,UnitedStates,Deaths,
7/20/2014,120,UnitedStates,Deaths,
7/17/2014,117,UnitedStates,Deaths,
7/14/2014,114,UnitedStates,Deaths,
7/12/2014,112,UnitedStates,Deaths,
7/8/2014,108,UnitedStates,Deaths,
7/6/2014,106,UnitedStates,Deaths,
7/2/2014,102,UnitedStates,Deaths,
6/30/2014,100,UnitedStates,Deaths,
6/22/2014,92,UnitedStates,Deaths,
6/20/2014,90,UnitedStates,Deaths,
6/19/2014,89,UnitedStates,Deaths,
6/18/2014,88,UnitedStates,Deaths,
6/17/2014,87,UnitedStates,Deaths,
6/16/2014,86,UnitedStates,Deaths,
6/10/2014,80,UnitedStates,Deaths,
6/5/2014,75,UnitedStates,Deaths,
6/3/2014,73,UnitedStates,Deaths,
6/1/2014,71,UnitedStates,Deaths,
5/28/2014,67,UnitedStates,Deaths,
5/27/2014,66,UnitedStates,Deaths,
5/23/2014,62,UnitedStates,Deaths,
5/12/2014,51,UnitedStates,Deaths,
5/10/2014,49,UnitedStates,Deaths,
5/7/2014,46,UnitedStates,Deaths,
5/5/2014,44,UnitedStates,Deaths,
5/3/2014,42,UnitedStates,Deaths,
5/1/2014,40,UnitedStates,Deaths,
4/26/2014,35,UnitedStates,Deaths,
4/24/2014,33,UnitedStates,Deaths,
4/23/2014,32,UnitedStates,Deaths,
4/22/2014,31,UnitedStates,Deaths,
4/21/2014,30,UnitedStates,Deaths,
4/20/2014,29,UnitedStates,Deaths,
4/17/2014,26,UnitedStates,Deaths,
4/16/2014,25,UnitedStates,Deaths,
4/15/2014,24,UnitedStates,Deaths,
4/14/2014,23,UnitedStates,Deaths,
4/11/2014,20,UnitedStates,Deaths,
4/9/2014,18,UnitedStates,Deaths,
4/7/2014,16,UnitedStates,Deaths,
4/4/2014,13,UnitedStates,Deaths,
4/1/2014,10,UnitedStates,Deaths,
3/31/2014,9,UnitedStates,Deaths,
3/29/2014,7,UnitedStates,Deaths,
3/28/2014,6,UnitedStates,Deaths,
3/27/2014,5,UnitedStates,Deaths,
3/26/2014,4,UnitedStates,Deaths,
3/25/2014,3,UnitedStates,Deaths,
3/24/2014,2,UnitedStates,Deaths,
3/22/2014,0,UnitedStates,Deaths,
1/5/2015,289,Spain,Deaths,
1/4/2015,288,Spain,Deaths,
1/3/2015,287,Spain,Deaths,
1/2/2015,286,Spain,Deaths,
12/31/2014,284,Spain,Deaths,
12/28/2014,281,Spain,Deaths,
12/27/2014,280,Spain,Deaths,
12/24/2014,277,Spain,Deaths,
12/21/2014,273,Spain,Deaths,
12/20/2014,272,Spain,Deaths,
12/18/2014,271,Spain,Deaths,
12/14/2014,267,Spain,Deaths,
12/9/2014,262,Spain,Deaths,
12/7/2014,260,Spain,Deaths,0.0
12/3/2014,256,Spain,Deaths,
11/30/2014,253,Spain,Deaths,0.0
11/28/2014,251,Spain,Deaths,
11/23/2014,246,Spain,Deaths,0.0
11/22/2014,245,Spain,Deaths,
11/18/2014,241,Spain,Deaths,0.0
11/16/2014,239,Spain,Deaths,0.0
11/15/2014,238,Spain,Deaths,
11/11/2014,234,Spain,Deaths,0.0
11/10/2014,233,Spain,Deaths,
11/9/2014,232,Spain,Deaths,0.0
11/8/2014,231,Spain,Deaths,
11/4/2014,227,Spain,Deaths,0.0
11/3/2014,226,Spain,Deaths,
11/2/2014,225,Spain,Deaths,0.0
10/31/2014,222,Spain,Deaths,
10/29/2014,220,Spain,Deaths,0.0
10/27/2014,218,Spain,Deaths,0.0
10/25/2014,216,Spain,Deaths,
10/22/2014,214,Spain,Deaths,0.0
10/21/2014,213,Spain,Deaths,
10/19/2014,211,Spain,Deaths,0.0
10/18/2014,210,Spain,Deaths,
10/14/2014,206,Spain,Deaths,1.0
10/13/2014,205,Spain,Deaths,
10/12/2014,204,Spain,Deaths,1.0
10/11/2014,203,Spain,Deaths,
10/8/2014,200,Spain,Deaths,1.0
10/7/2014,199,Spain,Deaths,
10/5/2014,197,Spain,Deaths,
10/4/2014,196,Spain,Deaths,
10/1/2014,193,Spain,Deaths,
9/28/2014,190,Spain,Deaths,
9/23/2014,185,Spain,Deaths,
9/21/2014,183,Spain,Deaths,
9/20/2014,182,Spain,Deaths,
9/19/2014,181,Spain,Deaths,
9/17/2014,179,Spain,Deaths,
9/14/2014,176,Spain,Deaths,
9/13/2014,175,Spain,Deaths,
9/10/2014,172,Spain,Deaths,
9/9/2014,171,Spain,Deaths,
9/7/2014,169,Spain,Deaths,
9/5/2014,167,Spain,Deaths,
8/31/2014,162,Spain,Deaths,
8/26/2014,157,Spain,Deaths,
8/20/2014,151,Spain,Deaths,
8/18/2014,149,Spain,Deaths,
8/16/2014,147,Spain,Deaths,
8/13/2014,144,Spain,Deaths,
8/11/2014,142,Spain,Deaths,
8/9/2014,140,Spain,Deaths,
8/6/2014,137,Spain,Deaths,
8/4/2014,135,Spain,Deaths,
8/1/2014,132,Spain,Deaths,
7/30/2014,129,Spain,Deaths,
7/27/2014,126,Spain,Deaths,
7/23/2014,123,Spain,Deaths,
7/20/2014,120,Spain,Deaths,
7/17/2014,117,Spain,Deaths,
7/14/2014,114,Spain,Deaths,
7/12/2014,112,Spain,Deaths,
7/8/2014,108,Spain,Deaths,
7/6/2014,106,Spain,Deaths,
7/2/2014,102,Spain,Deaths,
6/30/2014,100,Spain,Deaths,
6/22/2014,92,Spain,Deaths,
6/20/2014,90,Spain,Deaths,
6/19/2014,89,Spain,Deaths,
6/18/2014,88,Spain,Deaths,
6/17/2014,87,Spain,Deaths,
6/16/2014,86,Spain,Deaths,
6/10/2014,80,Spain,Deaths,
6/5/2014,75,Spain,Deaths,
6/3/2014,73,Spain,Deaths,
6/1/2014,71,Spain,Deaths,
5/28/2014,67,Spain,Deaths,
5/27/2014,66,Spain,Deaths,
5/23/2014,62,Spain,Deaths,
5/12/2014,51,Spain,Deaths,
5/10/2014,49,Spain,Deaths,
5/7/2014,46,Spain,Deaths,
5/5/2014,44,Spain,Deaths,
5/3/2014,42,Spain,Deaths,
5/1/2014,40,Spain,Deaths,
4/26/2014,35,Spain,Deaths,
4/24/2014,33,Spain,Deaths,
4/23/2014,32,Spain,Deaths,
4/22/2014,31,Spain,Deaths,
4/21/2014,30,Spain,Deaths,
4/20/2014,29,Spain,Deaths,
4/17/2014,26,Spain,Deaths,
4/16/2014,25,Spain,Deaths,
4/15/2014,24,Spain,Deaths,
4/14/2014,23,Spain,Deaths,
4/11/2014,20,Spain,Deaths,
4/9/2014,18,Spain,Deaths,
4/7/2014,16,Spain,Deaths,
4/4/2014,13,Spain,Deaths,
4/1/2014,10,Spain,Deaths,
3/31/2014,9,Spain,Deaths,
3/29/2014,7,Spain,Deaths,
3/28/2014,6,Spain,Deaths,
3/27/2014,5,Spain,Deaths,
3/26/2014,4,Spain,Deaths,
3/25/2014,3,Spain,Deaths,
3/24/2014,2,Spain,Deaths,
3/22/2014,0,Spain,Deaths,
1/5/2015,289,Mali,Deaths,
1/4/2015,288,Mali,Deaths,
1/3/2015,287,Mali,Deaths,
1/2/2015,286,Mali,Deaths,
12/31/2014,284,Mali,Deaths,
12/28/2014,281,Mali,Deaths,
12/27/2014,280,Mali,Deaths,
12/24/2014,277,Mali,Deaths,
12/21/2014,273,Mali,Deaths,
12/20/2014,272,Mali,Deaths,
12/18/2014,271,Mali,Deaths,
12/14/2014,267,Mali,Deaths,
12/9/2014,262,Mali,Deaths,
12/7/2014,260,Mali,Deaths,6.0
12/3/2014,256,Mali,Deaths,
11/30/2014,253,Mali,Deaths,6.0
11/28/2014,251,Mali,Deaths,
11/23/2014,246,Mali,Deaths,6.0
11/22/2014,245,Mali,Deaths,
11/18/2014,241,Mali,Deaths,6.0
11/16/2014,239,Mali,Deaths,5.0
11/15/2014,238,Mali,Deaths,
11/11/2014,234,Mali,Deaths,3.0
11/10/2014,233,Mali,Deaths,
11/9/2014,232,Mali,Deaths,1.0
11/8/2014,231,Mali,Deaths,
11/4/2014,227,Mali,Deaths,1.0
11/3/2014,226,Mali,Deaths,
11/2/2014,225,Mali,Deaths,1.0
10/31/2014,222,Mali,Deaths,
10/29/2014,220,Mali,Deaths,1.0
10/27/2014,218,Mali,Deaths,1.0
10/25/2014,216,Mali,Deaths,
10/22/2014,214,Mali,Deaths,1.0
10/21/2014,213,Mali,Deaths,
10/19/2014,211,Mali,Deaths,
10/18/2014,210,Mali,Deaths,
10/14/2014,206,Mali,Deaths,
10/13/2014,205,Mali,Deaths,
10/12/2014,204,Mali,Deaths,
10/11/2014,203,Mali,Deaths,
10/8/2014,200,Mali,Deaths,
10/7/2014,199,Mali,Deaths,
10/5/2014,197,Mali,Deaths,
10/4/2014,196,Mali,Deaths,
10/1/2014,193,Mali,Deaths,
9/28/2014,190,Mali,Deaths,
9/23/2014,185,Mali,Deaths,
9/21/2014,183,Mali,Deaths,
9/20/2014,182,Mali,Deaths,
9/19/2014,181,Mali,Deaths,
9/17/2014,179,Mali,Deaths,
9/14/2014,176,Mali,Deaths,
9/13/2014,175,Mali,Deaths,
9/10/2014,172,Mali,Deaths,
9/9/2014,171,Mali,Deaths,
9/7/2014,169,Mali,Deaths,
9/5/2014,167,Mali,Deaths,
8/31/2014,162,Mali,Deaths,
8/26/2014,157,Mali,Deaths,
8/20/2014,151,Mali,Deaths,
8/18/2014,149,Mali,Deaths,
8/16/2014,147,Mali,Deaths,
8/13/2014,144,Mali,Deaths,
8/11/2014,142,Mali,Deaths,
8/9/2014,140,Mali,Deaths,
8/6/2014,137,Mali,Deaths,
8/4/2014,135,Mali,Deaths,
8/1/2014,132,Mali,Deaths,
7/30/2014,129,Mali,Deaths,
7/27/2014,126,Mali,Deaths,
7/23/2014,123,Mali,Deaths,
7/20/2014,120,Mali,Deaths,
7/17/2014,117,Mali,Deaths,
7/14/2014,114,Mali,Deaths,
7/12/2014,112,Mali,Deaths,
7/8/2014,108,Mali,Deaths,
7/6/2014,106,Mali,Deaths,
7/2/2014,102,Mali,Deaths,
6/30/2014,100,Mali,Deaths,
6/22/2014,92,Mali,Deaths,
6/20/2014,90,Mali,Deaths,
6/19/2014,89,Mali,Deaths,
6/18/2014,88,Mali,Deaths,
6/17/2014,87,Mali,Deaths,
6/16/2014,86,Mali,Deaths,
6/10/2014,80,Mali,Deaths,
6/5/2014,75,Mali,Deaths,
6/3/2014,73,Mali,Deaths,
6/1/2014,71,Mali,Deaths,
5/28/2014,67,Mali,Deaths,
5/27/2014,66,Mali,Deaths,
5/23/2014,62,Mali,Deaths,
5/12/2014,51,Mali,Deaths,
5/10/2014,49,Mali,Deaths,
5/7/2014,46,Mali,Deaths,
5/5/2014,44,Mali,Deaths,
5/3/2014,42,Mali,Deaths,
5/1/2014,40,Mali,Deaths,
4/26/2014,35,Mali,Deaths,
4/24/2014,33,Mali,Deaths,
4/23/2014,32,Mali,Deaths,
4/22/2014,31,Mali,Deaths,
4/21/2014,30,Mali,Deaths,
4/20/2014,29,Mali,Deaths,
4/17/2014,26,Mali,Deaths,
4/16/2014,25,Mali,Deaths,
4/15/2014,24,Mali,Deaths,
4/14/2014,23,Mali,Deaths,
4/11/2014,20,Mali,Deaths,
4/9/2014,18,Mali,Deaths,
4/7/2014,16,Mali,Deaths,
4/4/2014,13,Mali,Deaths,
4/1/2014,10,Mali,Deaths,
3/31/2014,9,Mali,Deaths,
3/29/2014,7,Mali,Deaths,
3/28/2014,6,Mali,Deaths,
3/27/2014,5,Mali,Deaths,
3/26/2014,4,Mali,Deaths,
3/25/2014,3,Mali,Deaths,
3/24/2014,2,Mali,Deaths,
3/22/2014,0,Mali,Deaths,
